<?xml version="1.0" encoding="UTF-8"?>
<objects serializationModel="Studio.02.03.00">
	<object class="MixerReturn" id="{51fb4da5-27ac-402a-818a-d945f4b7486d}">
		<property name="overridingInputFormat">
			<value>2</value>
		</property>
		<property name="name">
			<value>Reverb</value>
		</property>
		<relationship name="effectChain">
			<destination>{80eca63c-0193-45a8-afe5-d2f82ff3ef58}</destination>
		</relationship>
		<relationship name="panner">
			<destination>{094e1582-41d4-487d-bccd-494f667feff7}</destination>
		</relationship>
		<relationship name="output">
			<destination>{38e36c26-a0ac-4825-b3bb-381b0d6fff21}</destination>
		</relationship>
	</object>
	<object class="MixerBusEffectChain" id="{80eca63c-0193-45a8-afe5-d2f82ff3ef58}">
		<relationship name="effects">
			<destination>{e047709f-cd34-4f3e-9dd0-47ee1c4009a4}</destination>
			<destination>{3ca539bc-5b21-4687-9908-16920c01dc37}</destination>
		</relationship>
	</object>
	<object class="MixerBusPanner" id="{094e1582-41d4-487d-bccd-494f667feff7}" />
	<object class="SFXReverbEffect" id="{e047709f-cd34-4f3e-9dd0-47ee1c4009a4}">
		<property name="wetLevel">
			<value>0</value>
		</property>
		<property name="dryLevel">
			<value>-80</value>
		</property>
	</object>
	<object class="MixerBusFader" id="{3ca539bc-5b21-4687-9908-16920c01dc37}" />
</objects>
