<?xml version="1.0" encoding="UTF-8"?>
<objects serializationModel="Studio.02.03.00">
	<object class="MixerMaster" id="{38e36c26-a0ac-4825-b3bb-381b0d6fff21}">
		<property name="name">
			<value>Master Bus</value>
		</property>
		<relationship name="effectChain">
			<destination>{d1defa51-9ac8-42bb-9ffb-1d622f2690d1}</destination>
		</relationship>
		<relationship name="panner">
			<destination>{0b77dcc3-0925-4b30-9113-9dce04cb80f1}</destination>
		</relationship>
		<relationship name="mixer">
			<destination>{2dd532de-1d59-493b-80ac-7d6ad38abf75}</destination>
		</relationship>
	</object>
	<object class="MixerBusEffectChain" id="{d1defa51-9ac8-42bb-9ffb-1d622f2690d1}">
		<relationship name="effects">
			<destination>{52dcb6f2-08a7-4d25-b165-cf836eb5bce0}</destination>
		</relationship>
	</object>
	<object class="MixerBusPanner" id="{0b77dcc3-0925-4b30-9113-9dce04cb80f1}">
		<property name="overridingOutputFormat">
			<value>2</value>
		</property>
	</object>
	<object class="MixerBusFader" id="{52dcb6f2-08a7-4d25-b165-cf836eb5bce0}" />
</objects>
