<?xml version="1.0" encoding="UTF-8"?>
<objects serializationModel="Studio.02.03.00">
	<object class="Workspace" id="{b9f5b89a-a8bc-4d22-af61-66499889787a}">
		<relationship name="masterEventFolder">
			<destination>{083fc8a6-7204-433e-87d8-1265cb6506d7}</destination>
		</relationship>
		<relationship name="masterTagFolder">
			<destination>{0648b9b6-8e94-42ed-ae7d-bd0c5430e414}</destination>
		</relationship>
		<relationship name="masterEffectPresetFolder">
			<destination>{5eb445c2-298a-4446-bb8b-2077778e17ff}</destination>
		</relationship>
		<relationship name="masterParameterPresetFolder">
			<destination>{be6aabb8-1212-413e-9f21-52d2a72a914c}</destination>
		</relationship>
		<relationship name="masterBankFolder">
			<destination>{edea8985-33c1-4e9f-86ae-0ceb509d28c7}</destination>
		</relationship>
		<relationship name="masterSandboxFolder">
			<destination>{ec1abb46-6177-4d46-b83c-2b56ee1534d8}</destination>
		</relationship>
		<relationship name="masterAssetFolder">
			<destination>{05d3cd87-b53c-49ca-9447-ee61e3beb71f}</destination>
		</relationship>
		<relationship name="mixer">
			<destination>{2dd532de-1d59-493b-80ac-7d6ad38abf75}</destination>
		</relationship>
		<relationship name="profilerSessionFolder">
			<destination>{ddf41c32-75aa-4f38-9b87-a32d5c837877}</destination>
		</relationship>
		<relationship name="platforms">
			<destination>{b9040613-04e8-491d-9512-c2f360345d54}</destination>
		</relationship>
	</object>
</objects>
