<?xml version="1.0" encoding="UTF-8"?>
<objects serializationModel="Studio.02.03.00">
	<object class="Event" id="{561d615c-9ac9-475b-a41e-a7bc41e87a5f}">
		<property name="name">
			<value>burst</value>
		</property>
		<property name="outputFormat">
			<value>1</value>
		</property>
		<relationship name="folder">
			<destination>{083fc8a6-7204-433e-87d8-1265cb6506d7}</destination>
		</relationship>
		<relationship name="mixer">
			<destination>{900ebee7-617c-4462-b86a-78840c5bcfe4}</destination>
		</relationship>
		<relationship name="masterTrack">
			<destination>{8913485e-76cc-434f-9668-371b6f649fa1}</destination>
		</relationship>
		<relationship name="mixerInput">
			<destination>{0d231e30-f4b8-4ffd-a0a7-544d0a5c85d0}</destination>
		</relationship>
		<relationship name="automatableProperties">
			<destination>{f4a47e3f-f821-497a-aeb0-528bb27dbdc1}</destination>
		</relationship>
		<relationship name="markerTracks">
			<destination>{fceb6451-2043-4f5a-886a-df830a38cfec}</destination>
		</relationship>
		<relationship name="groupTracks">
			<destination>{2d195240-024f-4693-b803-c1595167b75b}</destination>
		</relationship>
		<relationship name="timeline">
			<destination>{2c42f66b-9f31-4811-a60d-1efd4d761941}</destination>
		</relationship>
		<relationship name="banks">
			<destination>{427e6dc8-37bb-4cb4-a7e6-bf9328986396}</destination>
		</relationship>
	</object>
	<object class="EventMixer" id="{900ebee7-617c-4462-b86a-78840c5bcfe4}">
		<relationship name="masterBus">
			<destination>{5be7b145-a139-4155-82f1-acab92119a5a}</destination>
		</relationship>
	</object>
	<object class="MasterTrack" id="{8913485e-76cc-434f-9668-371b6f649fa1}">
		<relationship name="mixerGroup">
			<destination>{5be7b145-a139-4155-82f1-acab92119a5a}</destination>
		</relationship>
	</object>
	<object class="MixerInput" id="{0d231e30-f4b8-4ffd-a0a7-544d0a5c85d0}">
		<relationship name="effectChain">
			<destination>{a7092874-f6a6-4a4f-85d1-30ca3b4582e6}</destination>
		</relationship>
		<relationship name="panner">
			<destination>{2d632264-7f39-49b0-bb5d-223c17e55c05}</destination>
		</relationship>
		<relationship name="output">
			<destination>{38e36c26-a0ac-4825-b3bb-381b0d6fff21}</destination>
		</relationship>
	</object>
	<object class="EventAutomatableProperties" id="{f4a47e3f-f821-497a-aeb0-528bb27dbdc1}" />
	<object class="MarkerTrack" id="{fceb6451-2043-4f5a-886a-df830a38cfec}" />
	<object class="GroupTrack" id="{2d195240-024f-4693-b803-c1595167b75b}">
		<relationship name="modules">
			<destination>{1dfb8430-56f4-457e-8c76-5eabaa38679d}</destination>
		</relationship>
		<relationship name="mixerGroup">
			<destination>{26158e9a-8e33-4367-aae1-a1b1c32ff061}</destination>
		</relationship>
	</object>
	<object class="Timeline" id="{2c42f66b-9f31-4811-a60d-1efd4d761941}">
		<relationship name="modules">
			<destination>{1dfb8430-56f4-457e-8c76-5eabaa38679d}</destination>
		</relationship>
	</object>
	<object class="EventMixerMaster" id="{5be7b145-a139-4155-82f1-acab92119a5a}">
		<property name="overridingInputFormat">
			<value>0</value>
		</property>
		<relationship name="effectChain">
			<destination>{05ea3e9d-596a-462c-aa89-5f568f3dc270}</destination>
		</relationship>
		<relationship name="panner">
			<destination>{e69e0bc7-8f7a-4a73-941d-2dc5dc126d75}</destination>
		</relationship>
		<relationship name="mixer">
			<destination>{900ebee7-617c-4462-b86a-78840c5bcfe4}</destination>
		</relationship>
	</object>
	<object class="MixerBusEffectChain" id="{a7092874-f6a6-4a4f-85d1-30ca3b4582e6}">
		<relationship name="effects">
			<destination>{9e195fe6-0dad-406d-845f-da1c238cc81c}</destination>
		</relationship>
	</object>
	<object class="MixerBusPanner" id="{2d632264-7f39-49b0-bb5d-223c17e55c05}" />
	<object class="SingleSound" id="{1dfb8430-56f4-457e-8c76-5eabaa38679d}">
		<property name="length">
			<value>0.5</value>
		</property>
		<relationship name="audioFile">
			<destination>{380bd12d-84ef-478a-a92c-6d423846e8be}</destination>
		</relationship>
	</object>
	<object class="EventMixerGroup" id="{26158e9a-8e33-4367-aae1-a1b1c32ff061}">
		<property name="name">
			<value>Audio 1</value>
		</property>
		<relationship name="effectChain">
			<destination>{07351d00-1ba2-44e1-a977-f365d3ffa787}</destination>
		</relationship>
		<relationship name="panner">
			<destination>{8dcb7419-adda-4dac-87ee-d9e153febebb}</destination>
		</relationship>
		<relationship name="output">
			<destination>{5be7b145-a139-4155-82f1-acab92119a5a}</destination>
		</relationship>
	</object>
	<object class="MixerBusEffectChain" id="{05ea3e9d-596a-462c-aa89-5f568f3dc270}">
		<relationship name="effects">
			<destination>{0721f469-02d0-4e40-b5c9-eb869324c005}</destination>
			<destination>{83ee04b6-a311-4e77-93a8-8802f05d8e62}</destination>
		</relationship>
	</object>
	<object class="MixerBusPanner" id="{e69e0bc7-8f7a-4a73-941d-2dc5dc126d75}" />
	<object class="MixerBusFader" id="{9e195fe6-0dad-406d-845f-da1c238cc81c}" />
	<object class="MixerBusEffectChain" id="{07351d00-1ba2-44e1-a977-f365d3ffa787}">
		<relationship name="effects">
			<destination>{f467a466-def8-4ab3-82a7-745914b3ec43}</destination>
		</relationship>
	</object>
	<object class="MixerBusPanner" id="{8dcb7419-adda-4dac-87ee-d9e153febebb}" />
	<object class="MixerBusFader" id="{0721f469-02d0-4e40-b5c9-eb869324c005}" />
	<object class="PluginEffect" id="{83ee04b6-a311-4e77-93a8-8802f05d8e62}">
		<relationship name="plugin">
			<destination>{0f33043e-85e4-4e83-bec7-a1685ee2dec1}</destination>
		</relationship>
	</object>
	<object class="MixerBusFader" id="{f467a466-def8-4ab3-82a7-745914b3ec43}" />
	<object class="Plugin" id="{0f33043e-85e4-4e83-bec7-a1685ee2dec1}">
		<property name="identifier">
			<value>MetaXRAudio Spatializer</value>
		</property>
		<relationship name="pluginParameters">
			<destination>{ba46fd65-d87c-45ac-b22a-42f6a754aaaa}</destination>
			<destination>{c3b40414-975e-4230-b732-ffdd4fc400d9}</destination>
			<destination>{8240702e-40e7-4de2-8e94-35ad58326ece}</destination>
			<destination>{e1af40fd-1eb0-414d-81a1-719f511790f9}</destination>
			<destination>{468946ee-9b46-4ca3-8b06-d138abf1d481}</destination>
			<destination>{08563fad-1ca5-4122-b345-6eec37032b3b}</destination>
			<destination>{c2fb1372-d00d-49e0-b7fc-8b502fea42d4}</destination>
			<destination>{acb1b911-0707-475d-bb36-96b2527e6c2b}</destination>
			<destination>{84aab150-1060-4500-a9ff-d49b162c0f43}</destination>
			<destination>{984e44c9-23c5-4314-85a1-f8d219fd8230}</destination>
			<destination>{b309d93b-4ca8-4e19-b4c8-27cad798568a}</destination>
			<destination>{86281817-9fd2-4ef6-bb10-804e702217fc}</destination>
			<destination>{67481698-d03c-4eb0-b275-8b58bbb557ad}</destination>
			<destination>{c57ee5ab-2df4-4205-8dd7-c3db3e997f7a}</destination>
			<destination>{7c84a9c6-d36d-4894-bf29-997b4f9d6557}</destination>
			<destination>{1de30ead-9ab7-4f06-8243-bad6f6de78c5}</destination>
			<destination>{3860bcdc-fb60-4a0d-83b8-0b551b4f07f0}</destination>
			<destination>{cfc26227-0e92-4c9e-946c-eab365410407}</destination>
			<destination>{df866b5f-70e9-47ef-b742-29c25ac4c7d4}</destination>
		</relationship>
	</object>
	<object class="DataPluginParameter" id="{ba46fd65-d87c-45ac-b22a-42f6a754aaaa}">
		<property name="name">
			<value>3D Attributes</value>
		</property>
		<property name="value" />
		<property name="dataType">
			<value>-2</value>
		</property>
	</object>
	<object class="DataPluginParameter" id="{c3b40414-975e-4230-b732-ffdd4fc400d9}">
		<property name="name">
			<value>Atten. Range</value>
		</property>
		<property name="value" />
		<property name="dataType">
			<value>-6</value>
		</property>
	</object>
	<object class="DataPluginParameter" id="{8240702e-40e7-4de2-8e94-35ad58326ece}">
		<property name="name">
			<value>Overall Gain</value>
		</property>
		<property name="value" />
		<property name="dataType">
			<value>-1</value>
		</property>
	</object>
	<object class="FloatPluginParameter" id="{e1af40fd-1eb0-414d-81a1-719f511790f9}">
		<property name="name">
			<value>Atten. Min</value>
		</property>
		<property name="value">
			<value>1</value>
		</property>
		<property name="curve">
			<value>{(0.000000,0.000000)(1.000000,10000.000000)}</value>
		</property>
	</object>
	<object class="FloatPluginParameter" id="{468946ee-9b46-4ca3-8b06-d138abf1d481}">
		<property name="name">
			<value>Atten. Max</value>
		</property>
		<property name="value">
			<value>400</value>
		</property>
		<property name="curve">
			<value>{(0.000000,0.000000)(1.000000,10000.000000)}</value>
		</property>
	</object>
	<object class="IntPluginParameter" id="{08563fad-1ca5-4122-b345-6eec37032b3b}">
		<property name="name">
			<value>Atten. Mode</value>
		</property>
		<property name="value">
			<value>4</value>
		</property>
		<property name="minimumValue">
			<value>0</value>
		</property>
		<property name="maximumValue">
			<value>4</value>
		</property>
	</object>
	<object class="BoolPluginParameter" id="{c2fb1372-d00d-49e0-b7fc-8b502fea42d4}">
		<property name="name">
			<value>Acoustics</value>
		</property>
		<property name="value">
			<value>true</value>
		</property>
	</object>
	<object class="FloatPluginParameter" id="{acb1b911-0707-475d-bb36-96b2527e6c2b}">
		<property name="name">
			<value>Reverb Send</value>
		</property>
		<property name="value">
			<value>0</value>
		</property>
		<property name="curve">
			<value>{(0.000000,-60.000000)(1.000000,-40.000000)(2.000000,-20.000000)(3.000000,-12.000000)(4.000000,-6.000000)(5.000000,-2.000000)(6.000000,0.000000)(7.000000,2.000000)(8.000000,6.000000)(9.000000,12.000000)(10.000000,20.000000)}</value>
		</property>
	</object>
	<object class="FloatPluginParameter" id="{84aab150-1060-4500-a9ff-d49b162c0f43}">
		<property name="name">
			<value>Refl. Send</value>
		</property>
		<property name="value">
			<value>0</value>
		</property>
		<property name="curve">
			<value>{(0.000000,-60.000000)(1.000000,-40.000000)(2.000000,-20.000000)(3.000000,-12.000000)(4.000000,-6.000000)(5.000000,-2.000000)(6.000000,0.000000)(7.000000,2.000000)(8.000000,6.000000)(9.000000,12.000000)(10.000000,20.000000)}</value>
		</property>
	</object>
	<object class="FloatPluginParameter" id="{984e44c9-23c5-4314-85a1-f8d219fd8230}">
		<property name="name">
			<value>V. Radius</value>
		</property>
		<property name="value">
			<value>0</value>
		</property>
		<property name="curve">
			<value>{(0.000000,0.000000)(1.000000,1.000000)(2.000000,4.000000)(3.000000,11.000000)(4.000000,25.000000)(5.000000,100.000000)(6.000000,1000.000000)}</value>
		</property>
	</object>
	<object class="FloatPluginParameter" id="{b309d93b-4ca8-4e19-b4c8-27cad798568a}">
		<property name="name">
			<value>HRTF Intensity</value>
		</property>
		<property name="value">
			<value>1</value>
		</property>
		<property name="curve">
			<value>{(0.000000,0.000000)(1.000000,1.000000)}</value>
		</property>
	</object>
	<object class="IntPluginParameter" id="{86281817-9fd2-4ef6-bb10-804e702217fc}">
		<property name="name">
			<value>Directivity</value>
		</property>
		<property name="value">
			<value>0</value>
		</property>
		<property name="minimumValue">
			<value>0</value>
		</property>
		<property name="maximumValue">
			<value>5</value>
		</property>
	</object>
	<object class="FloatPluginParameter" id="{67481698-d03c-4eb0-b275-8b58bbb557ad}">
		<property name="name">
			<value>Dtv. Intensity</value>
		</property>
		<property name="value">
			<value>1</value>
		</property>
		<property name="curve">
			<value>{(0.000000,0.000000)(1.000000,1.000000)}</value>
		</property>
	</object>
	<object class="BoolPluginParameter" id="{c57ee5ab-2df4-4205-8dd7-c3db3e997f7a}">
		<property name="name">
			<value>Direct Enabled</value>
		</property>
		<property name="value">
			<value>true</value>
		</property>
	</object>
	<object class="FloatPluginParameter" id="{7c84a9c6-d36d-4894-bf29-997b4f9d6557}">
		<property name="name">
			<value>Reverb Reach</value>
		</property>
		<property name="value">
			<value>0.5</value>
		</property>
		<property name="curve">
			<value>{(0.000000,0.000000)(1.000000,1.000000)}</value>
		</property>
	</object>
	<object class="FloatPluginParameter" id="{1de30ead-9ab7-4f06-8243-bad6f6de78c5}">
		<property name="name">
			<value>Occl. Intensity</value>
		</property>
		<property name="value">
			<value>1</value>
		</property>
		<property name="curve">
			<value>{(0.000000,0.000000)(1.000000,1.000000)}</value>
		</property>
	</object>
	<object class="BoolPluginParameter" id="{3860bcdc-fb60-4a0d-83b8-0b551b4f07f0}">
		<property name="name">
			<value>Medium Absrp.</value>
		</property>
		<property name="value">
			<value>true</value>
		</property>
	</object>
	<object class="FloatPluginParameter" id="{cfc26227-0e92-4c9e-946c-eab365410407}">
		<property name="name">
			<value>Bypass</value>
		</property>
		<property name="value">
			<value>0</value>
		</property>
		<property name="curve">
			<value>{(0.000000,0.000000)(1.000000,1.000000)}</value>
		</property>
	</object>
	<object class="BoolPluginParameter" id="{df866b5f-70e9-47ef-b742-29c25ac4c7d4}">
		<property name="name">
			<value>Dst. Override</value>
		</property>
		<property name="value">
			<value>false</value>
		</property>
	</object>
</objects>
