<?xml version="1.0" encoding="UTF-8"?>
<objects serializationModel="Studio.02.03.00">
	<object class="Event" id="{8cf28a35-350e-4390-8039-8da07fdd9c08}">
		<property name="name">
			<value>burst_2</value>
		</property>
		<property name="outputFormat">
			<value>1</value>
		</property>
		<relationship name="folder">
			<destination>{083fc8a6-7204-433e-87d8-1265cb6506d7}</destination>
		</relationship>
		<relationship name="mixer">
			<destination>{a9fcdb12-e61e-484e-b032-f59a46eaa56e}</destination>
		</relationship>
		<relationship name="masterTrack">
			<destination>{b57e2fc0-3397-4f24-814a-de97bb6c618b}</destination>
		</relationship>
		<relationship name="mixerInput">
			<destination>{146104be-e239-4196-b012-d88be6977a34}</destination>
		</relationship>
		<relationship name="automatableProperties">
			<destination>{475ce66b-37af-4abe-b5bd-da5a2497c8ed}</destination>
		</relationship>
		<relationship name="markerTracks">
			<destination>{fccd5073-5a90-46e9-9516-773528076558}</destination>
		</relationship>
		<relationship name="groupTracks">
			<destination>{1c0b5fcb-9b7a-4dc1-a03c-b35c4aa38503}</destination>
		</relationship>
		<relationship name="timeline">
			<destination>{e4a31390-fa02-4196-a28e-d65de1046f72}</destination>
		</relationship>
		<relationship name="banks">
			<destination>{427e6dc8-37bb-4cb4-a7e6-bf9328986396}</destination>
		</relationship>
	</object>
	<object class="EventMixer" id="{a9fcdb12-e61e-484e-b032-f59a46eaa56e}">
		<relationship name="masterBus">
			<destination>{214506c4-0ea9-40da-bbfe-12804f235aab}</destination>
		</relationship>
	</object>
	<object class="MasterTrack" id="{b57e2fc0-3397-4f24-814a-de97bb6c618b}">
		<relationship name="mixerGroup">
			<destination>{214506c4-0ea9-40da-bbfe-12804f235aab}</destination>
		</relationship>
	</object>
	<object class="MixerInput" id="{146104be-e239-4196-b012-d88be6977a34}">
		<relationship name="effectChain">
			<destination>{85b774a8-6a7e-4b96-8c29-92bd8e5952da}</destination>
		</relationship>
		<relationship name="panner">
			<destination>{9545d84b-f3dc-44d3-aa23-27029fdd16b2}</destination>
		</relationship>
		<relationship name="output">
			<destination>{38e36c26-a0ac-4825-b3bb-381b0d6fff21}</destination>
		</relationship>
	</object>
	<object class="EventAutomatableProperties" id="{475ce66b-37af-4abe-b5bd-da5a2497c8ed}" />
	<object class="MarkerTrack" id="{fccd5073-5a90-46e9-9516-773528076558}" />
	<object class="GroupTrack" id="{1c0b5fcb-9b7a-4dc1-a03c-b35c4aa38503}">
		<relationship name="modules">
			<destination>{64ec67ac-f5fd-4a16-86a6-f4fe5446d640}</destination>
		</relationship>
		<relationship name="mixerGroup">
			<destination>{9bcf8bc1-b937-4a48-95f8-dc7b4c1ba3b0}</destination>
		</relationship>
	</object>
	<object class="Timeline" id="{e4a31390-fa02-4196-a28e-d65de1046f72}">
		<relationship name="modules">
			<destination>{64ec67ac-f5fd-4a16-86a6-f4fe5446d640}</destination>
		</relationship>
	</object>
	<object class="EventMixerMaster" id="{214506c4-0ea9-40da-bbfe-12804f235aab}">
		<property name="overridingInputFormat">
			<value>0</value>
		</property>
		<relationship name="effectChain">
			<destination>{27acbb72-e1a0-4c77-b832-2bce96f15c03}</destination>
		</relationship>
		<relationship name="panner">
			<destination>{85524748-871b-42b8-9c34-457b276fef5a}</destination>
		</relationship>
		<relationship name="mixer">
			<destination>{a9fcdb12-e61e-484e-b032-f59a46eaa56e}</destination>
		</relationship>
	</object>
	<object class="MixerBusEffectChain" id="{85b774a8-6a7e-4b96-8c29-92bd8e5952da}">
		<relationship name="effects">
			<destination>{d342e842-3daf-49a5-a04e-4e5ded90ba99}</destination>
		</relationship>
	</object>
	<object class="MixerBusPanner" id="{9545d84b-f3dc-44d3-aa23-27029fdd16b2}" />
	<object class="SingleSound" id="{64ec67ac-f5fd-4a16-86a6-f4fe5446d640}">
		<property name="length">
			<value>0.5</value>
		</property>
		<relationship name="audioFile">
			<destination>{380bd12d-84ef-478a-a92c-6d423846e8be}</destination>
		</relationship>
	</object>
	<object class="EventMixerGroup" id="{9bcf8bc1-b937-4a48-95f8-dc7b4c1ba3b0}">
		<property name="name">
			<value>Audio 1</value>
		</property>
		<relationship name="effectChain">
			<destination>{3784e742-a6ea-46b1-8ca9-e647558e87b2}</destination>
		</relationship>
		<relationship name="panner">
			<destination>{e6588d88-93fc-49a9-be3c-cb817408a4b0}</destination>
		</relationship>
		<relationship name="output">
			<destination>{214506c4-0ea9-40da-bbfe-12804f235aab}</destination>
		</relationship>
	</object>
	<object class="MixerBusEffectChain" id="{27acbb72-e1a0-4c77-b832-2bce96f15c03}">
		<relationship name="effects">
			<destination>{437752f5-1c77-413a-882b-bcbc82e3d07b}</destination>
			<destination>{01ab7e83-3ddc-4c69-8fc7-9b9a907c8cdc}</destination>
		</relationship>
	</object>
	<object class="MixerBusPanner" id="{85524748-871b-42b8-9c34-457b276fef5a}" />
	<object class="MixerBusFader" id="{d342e842-3daf-49a5-a04e-4e5ded90ba99}" />
	<object class="MixerBusEffectChain" id="{3784e742-a6ea-46b1-8ca9-e647558e87b2}">
		<relationship name="effects">
			<destination>{8d0c0e29-f3b1-4aab-8ac5-9b580b90f9ac}</destination>
		</relationship>
	</object>
	<object class="MixerBusPanner" id="{e6588d88-93fc-49a9-be3c-cb817408a4b0}" />
	<object class="MixerBusFader" id="{437752f5-1c77-413a-882b-bcbc82e3d07b}" />
	<object class="PluginEffect" id="{01ab7e83-3ddc-4c69-8fc7-9b9a907c8cdc}">
		<relationship name="plugin">
			<destination>{35ccf6ba-0a8d-4a56-a3a7-3c9e1d07775a}</destination>
		</relationship>
	</object>
	<object class="MixerBusFader" id="{8d0c0e29-f3b1-4aab-8ac5-9b580b90f9ac}" />
	<object class="Plugin" id="{35ccf6ba-0a8d-4a56-a3a7-3c9e1d07775a}">
		<property name="identifier">
			<value>MetaXRAudio Spatializer</value>
		</property>
		<relationship name="pluginParameters">
			<destination>{1f9f40f8-d369-4720-8461-21c5138d3b57}</destination>
			<destination>{006ae404-ebf5-4087-b7b9-56b16a8a94c1}</destination>
			<destination>{8ca26192-92dc-4f82-9675-3d84e10e7fbe}</destination>
			<destination>{bbcedec9-ad99-470b-9e1b-613d43bc13db}</destination>
			<destination>{d22fe8c1-23f5-44cb-ac1a-c17901c0902a}</destination>
			<destination>{a94cd90f-4cc8-4809-9e37-96599fd69d1f}</destination>
			<destination>{e3898c19-0bdc-4fcb-92a9-bb3c5cf8be36}</destination>
			<destination>{6102f736-0dab-4edc-99fa-76f9ee1d1df2}</destination>
			<destination>{e442b6bb-ccb4-4209-a63a-23a7bd81f034}</destination>
			<destination>{0dc25887-5175-48b5-8051-974ca3f62864}</destination>
			<destination>{39e6502a-e7fb-4411-8358-29ff8ae8f23b}</destination>
			<destination>{7d746418-5c84-40f4-b277-d6e71edc538e}</destination>
			<destination>{4446723b-3efe-4aef-a121-1dd470e2d021}</destination>
			<destination>{5dd9927e-e3de-4970-8fc9-f1ce8103b97a}</destination>
			<destination>{afbca70d-aa61-47b6-9de6-5311a5b3d956}</destination>
			<destination>{ba48c37e-4e89-487c-930c-27202d35ea33}</destination>
			<destination>{b2867caa-fc5d-4536-980b-dd533fc6ebc0}</destination>
			<destination>{1f3bfff5-5f88-43b5-bbd9-06f539da5df8}</destination>
			<destination>{246fa488-18fb-4cdb-8016-72eacf3f5d8c}</destination>
		</relationship>
	</object>
	<object class="DataPluginParameter" id="{1f9f40f8-d369-4720-8461-21c5138d3b57}">
		<property name="name">
			<value>3D Attributes</value>
		</property>
		<property name="dataType">
			<value>-2</value>
		</property>
	</object>
	<object class="DataPluginParameter" id="{006ae404-ebf5-4087-b7b9-56b16a8a94c1}">
		<property name="name">
			<value>Atten. Range</value>
		</property>
		<property name="dataType">
			<value>-6</value>
		</property>
	</object>
	<object class="DataPluginParameter" id="{8ca26192-92dc-4f82-9675-3d84e10e7fbe}">
		<property name="name">
			<value>Overall Gain</value>
		</property>
		<property name="dataType">
			<value>-1</value>
		</property>
	</object>
	<object class="FloatPluginParameter" id="{bbcedec9-ad99-470b-9e1b-613d43bc13db}">
		<property name="name">
			<value>Atten. Min</value>
		</property>
		<property name="value">
			<value>1</value>
		</property>
		<property name="curve">
			<value>{(0.000000,0.000000)(1.000000,10000.000000)}</value>
		</property>
	</object>
	<object class="FloatPluginParameter" id="{d22fe8c1-23f5-44cb-ac1a-c17901c0902a}">
		<property name="name">
			<value>Atten. Max</value>
		</property>
		<property name="value">
			<value>400</value>
		</property>
		<property name="curve">
			<value>{(0.000000,0.000000)(1.000000,10000.000000)}</value>
		</property>
	</object>
	<object class="IntPluginParameter" id="{a94cd90f-4cc8-4809-9e37-96599fd69d1f}">
		<property name="name">
			<value>Atten. Mode</value>
		</property>
		<property name="value">
			<value>4</value>
		</property>
		<property name="minimumValue">
			<value>0</value>
		</property>
		<property name="maximumValue">
			<value>4</value>
		</property>
	</object>
	<object class="BoolPluginParameter" id="{e3898c19-0bdc-4fcb-92a9-bb3c5cf8be36}">
		<property name="name">
			<value>Acoustics</value>
		</property>
		<property name="value">
			<value>true</value>
		</property>
	</object>
	<object class="FloatPluginParameter" id="{6102f736-0dab-4edc-99fa-76f9ee1d1df2}">
		<property name="name">
			<value>Reverb Send</value>
		</property>
		<property name="value">
			<value>0</value>
		</property>
		<property name="curve">
			<value>{(0.000000,-60.000000)(1.000000,-40.000000)(2.000000,-20.000000)(3.000000,-12.000000)(4.000000,-6.000000)(5.000000,-2.000000)(6.000000,0.000000)(7.000000,2.000000)(8.000000,6.000000)(9.000000,12.000000)(10.000000,20.000000)}</value>
		</property>
	</object>
	<object class="FloatPluginParameter" id="{e442b6bb-ccb4-4209-a63a-23a7bd81f034}">
		<property name="name">
			<value>Refl. Send</value>
		</property>
		<property name="value">
			<value>0</value>
		</property>
		<property name="curve">
			<value>{(0.000000,-60.000000)(1.000000,-40.000000)(2.000000,-20.000000)(3.000000,-12.000000)(4.000000,-6.000000)(5.000000,-2.000000)(6.000000,0.000000)(7.000000,2.000000)(8.000000,6.000000)(9.000000,12.000000)(10.000000,20.000000)}</value>
		</property>
	</object>
	<object class="FloatPluginParameter" id="{0dc25887-5175-48b5-8051-974ca3f62864}">
		<property name="name">
			<value>V. Radius</value>
		</property>
		<property name="value">
			<value>0</value>
		</property>
		<property name="curve">
			<value>{(0.000000,0.000000)(1.000000,1.000000)(2.000000,4.000000)(3.000000,11.000000)(4.000000,25.000000)(5.000000,100.000000)(6.000000,1000.000000)}</value>
		</property>
	</object>
	<object class="FloatPluginParameter" id="{39e6502a-e7fb-4411-8358-29ff8ae8f23b}">
		<property name="name">
			<value>HRTF Intensity</value>
		</property>
		<property name="value">
			<value>1</value>
		</property>
		<property name="curve">
			<value>{(0.000000,0.000000)(1.000000,1.000000)}</value>
		</property>
	</object>
	<object class="IntPluginParameter" id="{7d746418-5c84-40f4-b277-d6e71edc538e}">
		<property name="name">
			<value>Directivity</value>
		</property>
		<property name="value">
			<value>0</value>
		</property>
		<property name="minimumValue">
			<value>0</value>
		</property>
		<property name="maximumValue">
			<value>5</value>
		</property>
	</object>
	<object class="FloatPluginParameter" id="{4446723b-3efe-4aef-a121-1dd470e2d021}">
		<property name="name">
			<value>Dtv. Intensity</value>
		</property>
		<property name="value">
			<value>1</value>
		</property>
		<property name="curve">
			<value>{(0.000000,0.000000)(1.000000,1.000000)}</value>
		</property>
	</object>
	<object class="BoolPluginParameter" id="{5dd9927e-e3de-4970-8fc9-f1ce8103b97a}">
		<property name="name">
			<value>Direct Enabled</value>
		</property>
		<property name="value">
			<value>true</value>
		</property>
	</object>
	<object class="FloatPluginParameter" id="{afbca70d-aa61-47b6-9de6-5311a5b3d956}">
		<property name="name">
			<value>Reverb Reach</value>
		</property>
		<property name="value">
			<value>0.5</value>
		</property>
		<property name="curve">
			<value>{(0.000000,0.000000)(1.000000,1.000000)}</value>
		</property>
	</object>
	<object class="FloatPluginParameter" id="{ba48c37e-4e89-487c-930c-27202d35ea33}">
		<property name="name">
			<value>Occl. Intensity</value>
		</property>
		<property name="value">
			<value>1</value>
		</property>
		<property name="curve">
			<value>{(0.000000,0.000000)(1.000000,1.000000)}</value>
		</property>
	</object>
	<object class="BoolPluginParameter" id="{b2867caa-fc5d-4536-980b-dd533fc6ebc0}">
		<property name="name">
			<value>Medium Absrp.</value>
		</property>
		<property name="value">
			<value>false</value>
		</property>
	</object>
	<object class="FloatPluginParameter" id="{1f3bfff5-5f88-43b5-bbd9-06f539da5df8}">
		<property name="name">
			<value>Bypass</value>
		</property>
		<property name="value">
			<value>0</value>
		</property>
		<property name="curve">
			<value>{(0.000000,0.000000)(1.000000,1.000000)}</value>
		</property>
	</object>
	<object class="BoolPluginParameter" id="{246fa488-18fb-4cdb-8016-72eacf3f5d8c}">
		<property name="name">
			<value>Dst. Override</value>
		</property>
		<property name="value">
			<value>false</value>
		</property>
	</object>
</objects>
