<?xml version="1.0" encoding="UTF-8"?>
<objects serializationModel="Studio.02.03.00">
	<object class="Event" id="{afbe4279-436e-43f3-b416-03470cff13bd}">
		<property name="name">
			<value>tic</value>
		</property>
		<property name="outputFormat">
			<value>1</value>
		</property>
		<relationship name="folder">
			<destination>{083fc8a6-7204-433e-87d8-1265cb6506d7}</destination>
		</relationship>
		<relationship name="mixer">
			<destination>{53f334a0-8b83-4cea-9572-e2953ee7651b}</destination>
		</relationship>
		<relationship name="masterTrack">
			<destination>{d53f04bf-290c-459b-8e8f-d775ec234930}</destination>
		</relationship>
		<relationship name="mixerInput">
			<destination>{fb7c5dc5-0e5e-431a-a943-8125a24d0687}</destination>
		</relationship>
		<relationship name="automatableProperties">
			<destination>{f3add1b7-90e4-4c91-9e6a-bcfbc4aba620}</destination>
		</relationship>
		<relationship name="markerTracks">
			<destination>{947a73a4-a462-4394-af70-274dd09c4eba}</destination>
		</relationship>
		<relationship name="groupTracks">
			<destination>{3528b123-b959-40e9-9acf-007bdc768cf2}</destination>
		</relationship>
		<relationship name="timeline">
			<destination>{7b45f18c-7b30-4acb-8dfe-f8dee4633bf0}</destination>
		</relationship>
		<relationship name="banks">
			<destination>{427e6dc8-37bb-4cb4-a7e6-bf9328986396}</destination>
		</relationship>
	</object>
	<object class="EventMixer" id="{53f334a0-8b83-4cea-9572-e2953ee7651b}">
		<relationship name="masterBus">
			<destination>{3ecd7ea3-1544-4bbd-a22f-05496433e665}</destination>
		</relationship>
	</object>
	<object class="MasterTrack" id="{d53f04bf-290c-459b-8e8f-d775ec234930}">
		<relationship name="mixerGroup">
			<destination>{3ecd7ea3-1544-4bbd-a22f-05496433e665}</destination>
		</relationship>
	</object>
	<object class="MixerInput" id="{fb7c5dc5-0e5e-431a-a943-8125a24d0687}">
		<relationship name="effectChain">
			<destination>{a4248d88-2131-4760-81c4-e52a55d1530e}</destination>
		</relationship>
		<relationship name="panner">
			<destination>{db5e3234-8c1b-4618-bf7e-fe947b624de6}</destination>
		</relationship>
		<relationship name="output">
			<destination>{38e36c26-a0ac-4825-b3bb-381b0d6fff21}</destination>
		</relationship>
	</object>
	<object class="EventAutomatableProperties" id="{f3add1b7-90e4-4c91-9e6a-bcfbc4aba620}" />
	<object class="MarkerTrack" id="{947a73a4-a462-4394-af70-274dd09c4eba}" />
	<object class="GroupTrack" id="{3528b123-b959-40e9-9acf-007bdc768cf2}">
		<relationship name="modules">
			<destination>{903d93cc-d67d-4432-8173-9e40416ee0a3}</destination>
		</relationship>
		<relationship name="mixerGroup">
			<destination>{92bd86d8-88c6-4cf9-a077-f39e289a49fe}</destination>
		</relationship>
	</object>
	<object class="Timeline" id="{7b45f18c-7b30-4acb-8dfe-f8dee4633bf0}">
		<relationship name="modules">
			<destination>{903d93cc-d67d-4432-8173-9e40416ee0a3}</destination>
		</relationship>
	</object>
	<object class="EventMixerMaster" id="{3ecd7ea3-1544-4bbd-a22f-05496433e665}">
		<relationship name="effectChain">
			<destination>{a22bc81c-6363-40ee-90cb-0dd2a7984f22}</destination>
		</relationship>
		<relationship name="panner">
			<destination>{c2821124-6401-4ecf-aa22-1b8aea1d99bc}</destination>
		</relationship>
		<relationship name="mixer">
			<destination>{53f334a0-8b83-4cea-9572-e2953ee7651b}</destination>
		</relationship>
	</object>
	<object class="MixerBusEffectChain" id="{a4248d88-2131-4760-81c4-e52a55d1530e}">
		<relationship name="effects">
			<destination>{a2ccc96c-384c-4cd5-9038-93fe2805362d}</destination>
		</relationship>
	</object>
	<object class="MixerBusPanner" id="{db5e3234-8c1b-4618-bf7e-fe947b624de6}" />
	<object class="SingleSound" id="{903d93cc-d67d-4432-8173-9e40416ee0a3}">
		<property name="length">
			<value>0.25816326530612244</value>
		</property>
		<relationship name="audioFile">
			<destination>{93576212-6632-4f69-ac0f-8d341eebefae}</destination>
		</relationship>
	</object>
	<object class="EventMixerGroup" id="{92bd86d8-88c6-4cf9-a077-f39e289a49fe}">
		<property name="name">
			<value>Audio 1</value>
		</property>
		<relationship name="effectChain">
			<destination>{642e2cf9-9fcc-4869-a168-6dc58ce58f63}</destination>
		</relationship>
		<relationship name="panner">
			<destination>{e34391de-da1a-4955-9879-70c6eb14fba2}</destination>
		</relationship>
		<relationship name="output">
			<destination>{3ecd7ea3-1544-4bbd-a22f-05496433e665}</destination>
		</relationship>
	</object>
	<object class="MixerBusEffectChain" id="{a22bc81c-6363-40ee-90cb-0dd2a7984f22}">
		<relationship name="effects">
			<destination>{51a2369c-93b2-4b28-8f1f-cea6c01f013c}</destination>
			<destination>{b512c0fe-784b-4754-9538-945b4d6f53d9}</destination>
		</relationship>
	</object>
	<object class="MixerBusPanner" id="{c2821124-6401-4ecf-aa22-1b8aea1d99bc}" />
	<object class="MixerBusFader" id="{a2ccc96c-384c-4cd5-9038-93fe2805362d}" />
	<object class="MixerBusEffectChain" id="{642e2cf9-9fcc-4869-a168-6dc58ce58f63}">
		<relationship name="effects">
			<destination>{867c3ba4-1502-4a8f-b678-ec7aa5398b29}</destination>
		</relationship>
	</object>
	<object class="MixerBusPanner" id="{e34391de-da1a-4955-9879-70c6eb14fba2}" />
	<object class="MixerBusFader" id="{51a2369c-93b2-4b28-8f1f-cea6c01f013c}" />
	<object class="PluginEffect" id="{b512c0fe-784b-4754-9538-945b4d6f53d9}">
		<relationship name="plugin">
			<destination>{039aedcf-5546-4d14-86aa-f0642df2087c}</destination>
		</relationship>
	</object>
	<object class="MixerBusFader" id="{867c3ba4-1502-4a8f-b678-ec7aa5398b29}" />
	<object class="Plugin" id="{039aedcf-5546-4d14-86aa-f0642df2087c}">
		<property name="identifier">
			<value>MetaXRAudio Spatializer</value>
		</property>
		<relationship name="pluginParameters">
			<destination>{474f9767-752e-49cb-b48e-5af64866796c}</destination>
			<destination>{f66a2c66-711c-4442-80ee-cdb8d7195b75}</destination>
			<destination>{62c2e214-1042-4199-a272-995dd92fdaf4}</destination>
			<destination>{7a89ac46-f7b7-4a6c-8564-6d4ad5670952}</destination>
			<destination>{c240f364-1af5-4f8b-98cd-e0ab68049f6d}</destination>
			<destination>{833d5389-87e4-418d-8166-c16ff2a10110}</destination>
			<destination>{59d16c93-213a-461f-9279-7163b7d240d3}</destination>
			<destination>{7973f00b-9e3b-4f67-8dce-454c7c496d7a}</destination>
			<destination>{f8273d78-3c1a-4a7f-8e69-d5b7031fe2de}</destination>
			<destination>{bf852ac0-7554-482c-b9a1-c062bb088141}</destination>
			<destination>{7e99d328-d0aa-4c22-b30c-ade2ebb838bc}</destination>
			<destination>{aa3e8998-dce0-42e4-b7c5-eda10e553bb4}</destination>
			<destination>{c8adc453-da91-4f67-9c8d-4ea49e0a1f42}</destination>
			<destination>{bb47fc6d-4b80-4648-a8f5-17a97cae6b2e}</destination>
			<destination>{6f116ad0-a2c2-4ec6-b593-86bd9855bcf9}</destination>
			<destination>{89829b70-a961-44a8-957d-e5151bd61ce8}</destination>
			<destination>{f0f9179c-9ade-4ca8-8725-886e0085fb21}</destination>
			<destination>{22289259-fd96-464a-9825-28e6762d3941}</destination>
			<destination>{f7d552bf-5bf2-42f6-a917-3319de66604c}</destination>
		</relationship>
	</object>
	<object class="DataPluginParameter" id="{474f9767-752e-49cb-b48e-5af64866796c}">
		<property name="name">
			<value>3D Attributes</value>
		</property>
		<property name="value" />
		<property name="dataType">
			<value>-2</value>
		</property>
	</object>
	<object class="DataPluginParameter" id="{f66a2c66-711c-4442-80ee-cdb8d7195b75}">
		<property name="name">
			<value>Atten. Range</value>
		</property>
		<property name="value" />
		<property name="dataType">
			<value>-6</value>
		</property>
	</object>
	<object class="DataPluginParameter" id="{62c2e214-1042-4199-a272-995dd92fdaf4}">
		<property name="name">
			<value>Overall Gain</value>
		</property>
		<property name="value" />
		<property name="dataType">
			<value>-1</value>
		</property>
	</object>
	<object class="FloatPluginParameter" id="{7a89ac46-f7b7-4a6c-8564-6d4ad5670952}">
		<property name="name">
			<value>Atten. Min</value>
		</property>
		<property name="value">
			<value>1</value>
		</property>
		<property name="curve">
			<value>{(0.000000,0.000000)(1.000000,10000.000000)}</value>
		</property>
	</object>
	<object class="FloatPluginParameter" id="{c240f364-1af5-4f8b-98cd-e0ab68049f6d}">
		<property name="name">
			<value>Atten. Max</value>
		</property>
		<property name="value">
			<value>400</value>
		</property>
		<property name="curve">
			<value>{(0.000000,0.000000)(1.000000,10000.000000)}</value>
		</property>
	</object>
	<object class="IntPluginParameter" id="{833d5389-87e4-418d-8166-c16ff2a10110}">
		<property name="name">
			<value>Atten. Mode</value>
		</property>
		<property name="value">
			<value>4</value>
		</property>
		<property name="minimumValue">
			<value>0</value>
		</property>
		<property name="maximumValue">
			<value>4</value>
		</property>
	</object>
	<object class="BoolPluginParameter" id="{59d16c93-213a-461f-9279-7163b7d240d3}">
		<property name="name">
			<value>Acoustics</value>
		</property>
		<property name="value">
			<value>true</value>
		</property>
	</object>
	<object class="FloatPluginParameter" id="{7973f00b-9e3b-4f67-8dce-454c7c496d7a}">
		<property name="name">
			<value>Reverb Send</value>
		</property>
		<property name="value">
			<value>0</value>
		</property>
		<property name="curve">
			<value>{(0.000000,-60.000000)(1.000000,-40.000000)(2.000000,-20.000000)(3.000000,-12.000000)(4.000000,-6.000000)(5.000000,-2.000000)(6.000000,0.000000)(7.000000,2.000000)(8.000000,6.000000)(9.000000,12.000000)(10.000000,20.000000)}</value>
		</property>
	</object>
	<object class="FloatPluginParameter" id="{f8273d78-3c1a-4a7f-8e69-d5b7031fe2de}">
		<property name="name">
			<value>Refl. Send</value>
		</property>
		<property name="value">
			<value>0</value>
		</property>
		<property name="curve">
			<value>{(0.000000,-60.000000)(1.000000,-40.000000)(2.000000,-20.000000)(3.000000,-12.000000)(4.000000,-6.000000)(5.000000,-2.000000)(6.000000,0.000000)(7.000000,2.000000)(8.000000,6.000000)(9.000000,12.000000)(10.000000,20.000000)}</value>
		</property>
	</object>
	<object class="FloatPluginParameter" id="{bf852ac0-7554-482c-b9a1-c062bb088141}">
		<property name="name">
			<value>V. Radius</value>
		</property>
		<property name="value">
			<value>0</value>
		</property>
		<property name="curve">
			<value>{(0.000000,0.000000)(1.000000,1.000000)(2.000000,4.000000)(3.000000,11.000000)(4.000000,25.000000)(5.000000,100.000000)(6.000000,1000.000000)}</value>
		</property>
	</object>
	<object class="FloatPluginParameter" id="{7e99d328-d0aa-4c22-b30c-ade2ebb838bc}">
		<property name="name">
			<value>HRTF Intensity</value>
		</property>
		<property name="value">
			<value>1</value>
		</property>
		<property name="curve">
			<value>{(0.000000,0.000000)(1.000000,1.000000)}</value>
		</property>
	</object>
	<object class="IntPluginParameter" id="{aa3e8998-dce0-42e4-b7c5-eda10e553bb4}">
		<property name="name">
			<value>Directivity</value>
		</property>
		<property name="value">
			<value>0</value>
		</property>
		<property name="minimumValue">
			<value>0</value>
		</property>
		<property name="maximumValue">
			<value>5</value>
		</property>
	</object>
	<object class="FloatPluginParameter" id="{c8adc453-da91-4f67-9c8d-4ea49e0a1f42}">
		<property name="name">
			<value>Dtv. Intensity</value>
		</property>
		<property name="value">
			<value>1</value>
		</property>
		<property name="curve">
			<value>{(0.000000,0.000000)(1.000000,1.000000)}</value>
		</property>
	</object>
	<object class="BoolPluginParameter" id="{bb47fc6d-4b80-4648-a8f5-17a97cae6b2e}">
		<property name="name">
			<value>Direct Enabled</value>
		</property>
		<property name="value">
			<value>true</value>
		</property>
	</object>
	<object class="FloatPluginParameter" id="{6f116ad0-a2c2-4ec6-b593-86bd9855bcf9}">
		<property name="name">
			<value>Reverb Reach</value>
		</property>
		<property name="value">
			<value>0.5</value>
		</property>
		<property name="curve">
			<value>{(0.000000,0.000000)(1.000000,1.000000)}</value>
		</property>
	</object>
	<object class="FloatPluginParameter" id="{89829b70-a961-44a8-957d-e5151bd61ce8}">
		<property name="name">
			<value>Occl. Intensity</value>
		</property>
		<property name="value">
			<value>1</value>
		</property>
		<property name="curve">
			<value>{(0.000000,0.000000)(1.000000,1.000000)}</value>
		</property>
	</object>
	<object class="BoolPluginParameter" id="{f0f9179c-9ade-4ca8-8725-886e0085fb21}">
		<property name="name">
			<value>Medium Absrp.</value>
		</property>
		<property name="value">
			<value>true</value>
		</property>
	</object>
	<object class="FloatPluginParameter" id="{22289259-fd96-464a-9825-28e6762d3941}">
		<property name="name">
			<value>Bypass</value>
		</property>
		<property name="value">
			<value>0</value>
		</property>
		<property name="curve">
			<value>{(0.000000,0.000000)(1.000000,1.000000)}</value>
		</property>
	</object>
	<object class="BoolPluginParameter" id="{f7d552bf-5bf2-42f6-a917-3319de66604c}">
		<property name="name">
			<value>Dst. Override</value>
		</property>
		<property name="value">
			<value>false</value>
		</property>
	</object>
</objects>
