<?xml version="1.0" encoding="UTF-8"?>
<objects serializationModel="Studio.02.03.00">
	<object class="Event" id="{b837f52e-bd0a-42f4-ba84-25f56ba62f79}">
		<property name="name">
			<value>click</value>
		</property>
		<property name="outputFormat">
			<value>1</value>
		</property>
		<relationship name="folder">
			<destination>{083fc8a6-7204-433e-87d8-1265cb6506d7}</destination>
		</relationship>
		<relationship name="mixer">
			<destination>{96a94a04-5051-44e9-8444-29d19bc6e73d}</destination>
		</relationship>
		<relationship name="masterTrack">
			<destination>{049d60d7-e4d8-43d3-b809-81d2faf56a5c}</destination>
		</relationship>
		<relationship name="mixerInput">
			<destination>{69a3d0c0-88e9-4e62-bc62-fcec8d613097}</destination>
		</relationship>
		<relationship name="automatableProperties">
			<destination>{b2f2bc36-10d8-4fec-ac08-419afa0245c1}</destination>
		</relationship>
		<relationship name="markerTracks">
			<destination>{efae3201-caf8-467a-93a8-e0a2dd926310}</destination>
		</relationship>
		<relationship name="groupTracks">
			<destination>{23f25252-2af0-453b-b7fe-5b2b0ec63baa}</destination>
		</relationship>
		<relationship name="timeline">
			<destination>{074ef024-2572-45dc-8a04-28e543044ff9}</destination>
		</relationship>
		<relationship name="banks">
			<destination>{427e6dc8-37bb-4cb4-a7e6-bf9328986396}</destination>
		</relationship>
	</object>
	<object class="EventMixer" id="{96a94a04-5051-44e9-8444-29d19bc6e73d}">
		<relationship name="masterBus">
			<destination>{00a80b8a-8f9f-4f6f-a23d-9322ced72bef}</destination>
		</relationship>
	</object>
	<object class="MasterTrack" id="{049d60d7-e4d8-43d3-b809-81d2faf56a5c}">
		<relationship name="mixerGroup">
			<destination>{00a80b8a-8f9f-4f6f-a23d-9322ced72bef}</destination>
		</relationship>
	</object>
	<object class="MixerInput" id="{69a3d0c0-88e9-4e62-bc62-fcec8d613097}">
		<relationship name="effectChain">
			<destination>{02592028-a345-4f2a-817b-54fddcf06745}</destination>
		</relationship>
		<relationship name="panner">
			<destination>{52782967-93b8-4fe7-8652-f84e74134e44}</destination>
		</relationship>
		<relationship name="output">
			<destination>{38e36c26-a0ac-4825-b3bb-381b0d6fff21}</destination>
		</relationship>
	</object>
	<object class="EventAutomatableProperties" id="{b2f2bc36-10d8-4fec-ac08-419afa0245c1}" />
	<object class="MarkerTrack" id="{efae3201-caf8-467a-93a8-e0a2dd926310}" />
	<object class="GroupTrack" id="{23f25252-2af0-453b-b7fe-5b2b0ec63baa}">
		<relationship name="modules">
			<destination>{67f73985-d8e7-4040-a588-5c229fb181d7}</destination>
		</relationship>
		<relationship name="mixerGroup">
			<destination>{4a8e3656-0700-4076-89c4-182694e5045b}</destination>
		</relationship>
	</object>
	<object class="Timeline" id="{074ef024-2572-45dc-8a04-28e543044ff9}">
		<relationship name="modules">
			<destination>{67f73985-d8e7-4040-a588-5c229fb181d7}</destination>
		</relationship>
	</object>
	<object class="EventMixerMaster" id="{00a80b8a-8f9f-4f6f-a23d-9322ced72bef}">
		<relationship name="effectChain">
			<destination>{04a496e5-d7d0-4198-b070-9710214472ca}</destination>
		</relationship>
		<relationship name="panner">
			<destination>{0199ce9d-a686-40f8-898a-5a474f2fde9e}</destination>
		</relationship>
		<relationship name="mixer">
			<destination>{96a94a04-5051-44e9-8444-29d19bc6e73d}</destination>
		</relationship>
	</object>
	<object class="MixerBusEffectChain" id="{02592028-a345-4f2a-817b-54fddcf06745}">
		<relationship name="effects">
			<destination>{09d101ec-6f89-4d8f-b146-17d2b2833d58}</destination>
		</relationship>
	</object>
	<object class="MixerBusPanner" id="{52782967-93b8-4fe7-8652-f84e74134e44}" />
	<object class="SingleSound" id="{67f73985-d8e7-4040-a588-5c229fb181d7}">
		<property name="length">
			<value>2</value>
		</property>
		<relationship name="audioFile">
			<destination>{a9bbf754-4667-48d0-b6a4-987ae8bdf2ef}</destination>
		</relationship>
	</object>
	<object class="EventMixerGroup" id="{4a8e3656-0700-4076-89c4-182694e5045b}">
		<property name="name">
			<value>Audio 1</value>
		</property>
		<relationship name="effectChain">
			<destination>{d80b7943-0ce7-4839-bcdb-eb7965245e86}</destination>
		</relationship>
		<relationship name="panner">
			<destination>{5c757bcf-1d1d-4216-b5bf-0f1b80061242}</destination>
		</relationship>
		<relationship name="output">
			<destination>{00a80b8a-8f9f-4f6f-a23d-9322ced72bef}</destination>
		</relationship>
	</object>
	<object class="MixerBusEffectChain" id="{04a496e5-d7d0-4198-b070-9710214472ca}">
		<relationship name="effects">
			<destination>{d3f684ad-dbb0-4dbd-9b49-75e30fd699e2}</destination>
			<destination>{15725992-a5f1-44de-a433-701161a54fb5}</destination>
		</relationship>
	</object>
	<object class="MixerBusPanner" id="{0199ce9d-a686-40f8-898a-5a474f2fde9e}" />
	<object class="MixerBusFader" id="{09d101ec-6f89-4d8f-b146-17d2b2833d58}" />
	<object class="MixerBusEffectChain" id="{d80b7943-0ce7-4839-bcdb-eb7965245e86}">
		<relationship name="effects">
			<destination>{f430fe38-23b0-4d3c-89c0-1fae698e5c15}</destination>
		</relationship>
	</object>
	<object class="MixerBusPanner" id="{5c757bcf-1d1d-4216-b5bf-0f1b80061242}" />
	<object class="MixerBusFader" id="{d3f684ad-dbb0-4dbd-9b49-75e30fd699e2}" />
	<object class="PluginEffect" id="{15725992-a5f1-44de-a433-701161a54fb5}">
		<relationship name="plugin">
			<destination>{fccbf730-3951-42f0-a2e7-7f6d2daadd2c}</destination>
		</relationship>
	</object>
	<object class="MixerBusFader" id="{f430fe38-23b0-4d3c-89c0-1fae698e5c15}" />
	<object class="Plugin" id="{fccbf730-3951-42f0-a2e7-7f6d2daadd2c}">
		<property name="identifier">
			<value>MetaXRAudio Spatializer</value>
		</property>
		<relationship name="pluginParameters">
			<destination>{88112ea0-5ec5-4618-b1a6-15823f5068ba}</destination>
			<destination>{812c0774-479b-43f0-9a6d-8b15963508e5}</destination>
			<destination>{789a0954-a0d9-4d47-b660-1183a64964f6}</destination>
			<destination>{98b1cd2d-babc-49fe-8c82-16d70dc310db}</destination>
			<destination>{7a964b82-e3dd-4145-bd9c-7e1033cfc2c2}</destination>
			<destination>{fc6870c1-5fc2-4106-8389-60fb129ccad9}</destination>
			<destination>{0a20a755-01ba-42ac-9f18-766a6cc96875}</destination>
			<destination>{29f81265-f593-46f6-831e-737d044334d1}</destination>
			<destination>{594d3b85-6ad4-43d4-853e-669c8b11497f}</destination>
			<destination>{9154286f-3fe5-4bc8-aeb0-7ad5137defa7}</destination>
			<destination>{b6202979-9249-4013-9173-65f217c55535}</destination>
			<destination>{b449d3e1-6afd-4000-8438-af2d96c75d5c}</destination>
			<destination>{b36c19ab-e78c-47ca-a598-017b352815c3}</destination>
			<destination>{6b933315-42b6-42bc-be2a-ad721dea5736}</destination>
			<destination>{fbc9e183-7ee9-42cb-9ba1-ecc2feb35fdc}</destination>
			<destination>{d0dab936-ded1-4722-a889-f21a6a79edc3}</destination>
			<destination>{24067657-14dc-4167-a874-e2f2f2661c19}</destination>
			<destination>{f2549bbc-7617-4ed3-befa-087842df76c8}</destination>
			<destination>{737657da-ac37-45df-b710-9d8e36d76532}</destination>
		</relationship>
	</object>
	<object class="DataPluginParameter" id="{88112ea0-5ec5-4618-b1a6-15823f5068ba}">
		<property name="name">
			<value>3D Attributes</value>
		</property>
		<property name="value" />
		<property name="dataType">
			<value>-2</value>
		</property>
	</object>
	<object class="DataPluginParameter" id="{812c0774-479b-43f0-9a6d-8b15963508e5}">
		<property name="name">
			<value>Atten. Range</value>
		</property>
		<property name="value" />
		<property name="dataType">
			<value>-6</value>
		</property>
	</object>
	<object class="DataPluginParameter" id="{789a0954-a0d9-4d47-b660-1183a64964f6}">
		<property name="name">
			<value>Overall Gain</value>
		</property>
		<property name="value" />
		<property name="dataType">
			<value>-1</value>
		</property>
	</object>
	<object class="FloatPluginParameter" id="{98b1cd2d-babc-49fe-8c82-16d70dc310db}">
		<property name="name">
			<value>Atten. Min</value>
		</property>
		<property name="value">
			<value>1</value>
		</property>
		<property name="curve">
			<value>{(0.000000,0.000000)(1.000000,10000.000000)}</value>
		</property>
	</object>
	<object class="FloatPluginParameter" id="{7a964b82-e3dd-4145-bd9c-7e1033cfc2c2}">
		<property name="name">
			<value>Atten. Max</value>
		</property>
		<property name="value">
			<value>400</value>
		</property>
		<property name="curve">
			<value>{(0.000000,0.000000)(1.000000,10000.000000)}</value>
		</property>
	</object>
	<object class="IntPluginParameter" id="{fc6870c1-5fc2-4106-8389-60fb129ccad9}">
		<property name="name">
			<value>Atten. Mode</value>
		</property>
		<property name="value">
			<value>4</value>
		</property>
		<property name="minimumValue">
			<value>0</value>
		</property>
		<property name="maximumValue">
			<value>4</value>
		</property>
	</object>
	<object class="BoolPluginParameter" id="{0a20a755-01ba-42ac-9f18-766a6cc96875}">
		<property name="name">
			<value>Acoustics</value>
		</property>
		<property name="value">
			<value>true</value>
		</property>
	</object>
	<object class="FloatPluginParameter" id="{29f81265-f593-46f6-831e-737d044334d1}">
		<property name="name">
			<value>Reverb Send</value>
		</property>
		<property name="value">
			<value>0</value>
		</property>
		<property name="curve">
			<value>{(0.000000,-60.000000)(1.000000,-40.000000)(2.000000,-20.000000)(3.000000,-12.000000)(4.000000,-6.000000)(5.000000,-2.000000)(6.000000,0.000000)(7.000000,2.000000)(8.000000,6.000000)(9.000000,12.000000)(10.000000,20.000000)}</value>
		</property>
	</object>
	<object class="FloatPluginParameter" id="{594d3b85-6ad4-43d4-853e-669c8b11497f}">
		<property name="name">
			<value>Refl. Send</value>
		</property>
		<property name="value">
			<value>0</value>
		</property>
		<property name="curve">
			<value>{(0.000000,-60.000000)(1.000000,-40.000000)(2.000000,-20.000000)(3.000000,-12.000000)(4.000000,-6.000000)(5.000000,-2.000000)(6.000000,0.000000)(7.000000,2.000000)(8.000000,6.000000)(9.000000,12.000000)(10.000000,20.000000)}</value>
		</property>
	</object>
	<object class="FloatPluginParameter" id="{9154286f-3fe5-4bc8-aeb0-7ad5137defa7}">
		<property name="name">
			<value>V. Radius</value>
		</property>
		<property name="value">
			<value>0</value>
		</property>
		<property name="curve">
			<value>{(0.000000,0.000000)(1.000000,1.000000)(2.000000,4.000000)(3.000000,11.000000)(4.000000,25.000000)(5.000000,100.000000)(6.000000,1000.000000)}</value>
		</property>
	</object>
	<object class="FloatPluginParameter" id="{b6202979-9249-4013-9173-65f217c55535}">
		<property name="name">
			<value>HRTF Intensity</value>
		</property>
		<property name="value">
			<value>1</value>
		</property>
		<property name="curve">
			<value>{(0.000000,0.000000)(1.000000,1.000000)}</value>
		</property>
	</object>
	<object class="IntPluginParameter" id="{b449d3e1-6afd-4000-8438-af2d96c75d5c}">
		<property name="name">
			<value>Directivity</value>
		</property>
		<property name="value">
			<value>0</value>
		</property>
		<property name="minimumValue">
			<value>0</value>
		</property>
		<property name="maximumValue">
			<value>5</value>
		</property>
	</object>
	<object class="FloatPluginParameter" id="{b36c19ab-e78c-47ca-a598-017b352815c3}">
		<property name="name">
			<value>Dtv. Intensity</value>
		</property>
		<property name="value">
			<value>1</value>
		</property>
		<property name="curve">
			<value>{(0.000000,0.000000)(1.000000,1.000000)}</value>
		</property>
	</object>
	<object class="BoolPluginParameter" id="{6b933315-42b6-42bc-be2a-ad721dea5736}">
		<property name="name">
			<value>Direct Enabled</value>
		</property>
		<property name="value">
			<value>true</value>
		</property>
	</object>
	<object class="FloatPluginParameter" id="{fbc9e183-7ee9-42cb-9ba1-ecc2feb35fdc}">
		<property name="name">
			<value>Reverb Reach</value>
		</property>
		<property name="value">
			<value>0.5</value>
		</property>
		<property name="curve">
			<value>{(0.000000,0.000000)(1.000000,1.000000)}</value>
		</property>
	</object>
	<object class="FloatPluginParameter" id="{d0dab936-ded1-4722-a889-f21a6a79edc3}">
		<property name="name">
			<value>Occl. Intensity</value>
		</property>
		<property name="value">
			<value>1</value>
		</property>
		<property name="curve">
			<value>{(0.000000,0.000000)(1.000000,1.000000)}</value>
		</property>
	</object>
	<object class="BoolPluginParameter" id="{24067657-14dc-4167-a874-e2f2f2661c19}">
		<property name="name">
			<value>Medium Absrp.</value>
		</property>
		<property name="value">
			<value>true</value>
		</property>
	</object>
	<object class="FloatPluginParameter" id="{f2549bbc-7617-4ed3-befa-087842df76c8}">
		<property name="name">
			<value>Bypass</value>
		</property>
		<property name="value">
			<value>0</value>
		</property>
		<property name="curve">
			<value>{(0.000000,0.000000)(1.000000,1.000000)}</value>
		</property>
	</object>
	<object class="BoolPluginParameter" id="{737657da-ac37-45df-b710-9d8e36d76532}">
		<property name="name">
			<value>Dst. Override</value>
		</property>
		<property name="value">
			<value>false</value>
		</property>
	</object>
</objects>
