<?xml version="1.0" encoding="UTF-8"?>
<objects serializationModel="Studio.02.03.00">
	<object class="Event" id="{d13e6265-2473-4d93-b791-81cc50897fe4}">
		<property name="name">
			<value>select</value>
		</property>
		<property name="outputFormat">
			<value>1</value>
		</property>
		<relationship name="folder">
			<destination>{083fc8a6-7204-433e-87d8-1265cb6506d7}</destination>
		</relationship>
		<relationship name="mixer">
			<destination>{669c9503-d749-4173-8939-f761c989e1c3}</destination>
		</relationship>
		<relationship name="masterTrack">
			<destination>{90afeccb-7172-4b00-9e97-a5924825b9c1}</destination>
		</relationship>
		<relationship name="mixerInput">
			<destination>{60b90670-1cbf-44b1-aadd-00832635d426}</destination>
		</relationship>
		<relationship name="automatableProperties">
			<destination>{3fca6a91-1acf-40c8-b94a-83b2de5a5e08}</destination>
		</relationship>
		<relationship name="markerTracks">
			<destination>{f4728ef4-af49-4697-9ed7-7ffc6d3e1d91}</destination>
		</relationship>
		<relationship name="groupTracks">
			<destination>{5d72ea41-b767-41d3-a2ad-f20d1fa21e56}</destination>
		</relationship>
		<relationship name="timeline">
			<destination>{f910a5a0-8ab3-49e7-bdc5-861d228bad8b}</destination>
		</relationship>
		<relationship name="banks">
			<destination>{427e6dc8-37bb-4cb4-a7e6-bf9328986396}</destination>
		</relationship>
	</object>
	<object class="EventMixer" id="{669c9503-d749-4173-8939-f761c989e1c3}">
		<relationship name="masterBus">
			<destination>{dcb8dd64-3539-4bc3-8146-47a07310aec2}</destination>
		</relationship>
	</object>
	<object class="MasterTrack" id="{90afeccb-7172-4b00-9e97-a5924825b9c1}">
		<relationship name="mixerGroup">
			<destination>{dcb8dd64-3539-4bc3-8146-47a07310aec2}</destination>
		</relationship>
	</object>
	<object class="MixerInput" id="{60b90670-1cbf-44b1-aadd-00832635d426}">
		<relationship name="effectChain">
			<destination>{bbe9502f-91aa-4d74-90e3-0e32151d06e0}</destination>
		</relationship>
		<relationship name="panner">
			<destination>{628a7bf6-efa9-4ff4-a987-889aef1b7a32}</destination>
		</relationship>
		<relationship name="output">
			<destination>{38e36c26-a0ac-4825-b3bb-381b0d6fff21}</destination>
		</relationship>
	</object>
	<object class="EventAutomatableProperties" id="{3fca6a91-1acf-40c8-b94a-83b2de5a5e08}" />
	<object class="MarkerTrack" id="{f4728ef4-af49-4697-9ed7-7ffc6d3e1d91}" />
	<object class="GroupTrack" id="{5d72ea41-b767-41d3-a2ad-f20d1fa21e56}">
		<relationship name="modules">
			<destination>{5d48a40d-10c6-487e-9fe6-e4fc2326172c}</destination>
		</relationship>
		<relationship name="mixerGroup">
			<destination>{ea3c0b88-018b-4737-af9b-ff904006367f}</destination>
		</relationship>
	</object>
	<object class="Timeline" id="{f910a5a0-8ab3-49e7-bdc5-861d228bad8b}">
		<relationship name="modules">
			<destination>{5d48a40d-10c6-487e-9fe6-e4fc2326172c}</destination>
		</relationship>
	</object>
	<object class="EventMixerMaster" id="{dcb8dd64-3539-4bc3-8146-47a07310aec2}">
		<relationship name="effectChain">
			<destination>{c0a0f167-d8cd-4bce-88d5-dd35cfed111b}</destination>
		</relationship>
		<relationship name="panner">
			<destination>{757e8f1e-36c8-422b-a46b-ce59b9794ebf}</destination>
		</relationship>
		<relationship name="mixer">
			<destination>{669c9503-d749-4173-8939-f761c989e1c3}</destination>
		</relationship>
	</object>
	<object class="MixerBusEffectChain" id="{bbe9502f-91aa-4d74-90e3-0e32151d06e0}">
		<relationship name="effects">
			<destination>{348b62df-dfa3-41c3-863d-82c4bd284c80}</destination>
		</relationship>
	</object>
	<object class="MixerBusPanner" id="{628a7bf6-efa9-4ff4-a987-889aef1b7a32}" />
	<object class="SingleSound" id="{5d48a40d-10c6-487e-9fe6-e4fc2326172c}">
		<property name="length">
			<value>0.41664399092970522</value>
		</property>
		<relationship name="audioFile">
			<destination>{f4926047-b6f4-43ef-92e1-635afcf4c187}</destination>
		</relationship>
	</object>
	<object class="EventMixerGroup" id="{ea3c0b88-018b-4737-af9b-ff904006367f}">
		<property name="name">
			<value>Audio 1</value>
		</property>
		<relationship name="effectChain">
			<destination>{d414b7fb-ac3a-431f-b916-e1903b7f9bc3}</destination>
		</relationship>
		<relationship name="panner">
			<destination>{4f53a284-7f79-47f5-ac00-fe26772ba503}</destination>
		</relationship>
		<relationship name="output">
			<destination>{dcb8dd64-3539-4bc3-8146-47a07310aec2}</destination>
		</relationship>
	</object>
	<object class="MixerBusEffectChain" id="{c0a0f167-d8cd-4bce-88d5-dd35cfed111b}">
		<relationship name="effects">
			<destination>{e5c791ee-921e-4d5a-9c1e-5ac85d3c05d1}</destination>
			<destination>{d55a026f-f302-4696-8838-64ec7ba7cada}</destination>
		</relationship>
	</object>
	<object class="MixerBusPanner" id="{757e8f1e-36c8-422b-a46b-ce59b9794ebf}" />
	<object class="MixerBusFader" id="{348b62df-dfa3-41c3-863d-82c4bd284c80}" />
	<object class="MixerBusEffectChain" id="{d414b7fb-ac3a-431f-b916-e1903b7f9bc3}">
		<relationship name="effects">
			<destination>{76aa812e-78ed-4587-a398-e437b6b60994}</destination>
		</relationship>
	</object>
	<object class="MixerBusPanner" id="{4f53a284-7f79-47f5-ac00-fe26772ba503}" />
	<object class="MixerBusFader" id="{e5c791ee-921e-4d5a-9c1e-5ac85d3c05d1}" />
	<object class="PluginEffect" id="{d55a026f-f302-4696-8838-64ec7ba7cada}">
		<relationship name="plugin">
			<destination>{ae5c1682-8ff2-494e-9360-e8309cfb1db9}</destination>
		</relationship>
	</object>
	<object class="MixerBusFader" id="{76aa812e-78ed-4587-a398-e437b6b60994}" />
	<object class="Plugin" id="{ae5c1682-8ff2-494e-9360-e8309cfb1db9}">
		<property name="identifier">
			<value>MetaXRAudio Spatializer</value>
		</property>
		<relationship name="pluginParameters">
			<destination>{9710f11e-dfbf-46b0-b4ab-985e43156ee7}</destination>
			<destination>{8840916a-a913-41c9-a407-78ed347afe44}</destination>
			<destination>{fc1c8694-93ae-4e83-900f-333adc6c0292}</destination>
			<destination>{d9e6873b-cf9c-42f6-959a-c04d7fcf77d2}</destination>
			<destination>{e65b8fc6-f535-4222-896c-f482ab03cd31}</destination>
			<destination>{3a3d0df4-0880-4b25-b874-3fa077415eac}</destination>
			<destination>{1d2cbc9f-c150-42e1-8644-6fb6c1279653}</destination>
			<destination>{18f1c304-0eb4-40c7-a70e-3d2db72e5e5e}</destination>
			<destination>{61f2b8e3-afc7-479c-ad80-fb56f7fd58d3}</destination>
			<destination>{cc12f816-8945-452b-9790-bee7b034260b}</destination>
			<destination>{da910c9b-a118-4a73-a0ce-93ba54c624ba}</destination>
			<destination>{0a7fed14-85c3-403d-90a8-d0dde2ea2118}</destination>
			<destination>{8f7ed3af-d3bb-4da8-9676-dfb1389adf88}</destination>
			<destination>{b9a995c6-7bbb-4d26-9172-d73461d9528f}</destination>
			<destination>{00503636-411f-4fc2-9f0d-eb3763dd381d}</destination>
			<destination>{b7219a27-a51c-4ffc-8bba-5d5f051aee5e}</destination>
			<destination>{0005a27f-c039-49ae-a596-9a71661c2070}</destination>
			<destination>{1d6eba39-6dbd-43db-a986-2c5fec1b5a53}</destination>
			<destination>{ac9717c3-eaaa-466f-9050-4a3bab345e2e}</destination>
		</relationship>
	</object>
	<object class="DataPluginParameter" id="{9710f11e-dfbf-46b0-b4ab-985e43156ee7}">
		<property name="name">
			<value>3D Attributes</value>
		</property>
		<property name="value" />
		<property name="dataType">
			<value>-2</value>
		</property>
	</object>
	<object class="DataPluginParameter" id="{8840916a-a913-41c9-a407-78ed347afe44}">
		<property name="name">
			<value>Atten. Range</value>
		</property>
		<property name="value" />
		<property name="dataType">
			<value>-6</value>
		</property>
	</object>
	<object class="DataPluginParameter" id="{fc1c8694-93ae-4e83-900f-333adc6c0292}">
		<property name="name">
			<value>Overall Gain</value>
		</property>
		<property name="value" />
		<property name="dataType">
			<value>-1</value>
		</property>
	</object>
	<object class="FloatPluginParameter" id="{d9e6873b-cf9c-42f6-959a-c04d7fcf77d2}">
		<property name="name">
			<value>Atten. Min</value>
		</property>
		<property name="value">
			<value>1</value>
		</property>
		<property name="curve">
			<value>{(0.000000,0.000000)(1.000000,10000.000000)}</value>
		</property>
	</object>
	<object class="FloatPluginParameter" id="{e65b8fc6-f535-4222-896c-f482ab03cd31}">
		<property name="name">
			<value>Atten. Max</value>
		</property>
		<property name="value">
			<value>400</value>
		</property>
		<property name="curve">
			<value>{(0.000000,0.000000)(1.000000,10000.000000)}</value>
		</property>
	</object>
	<object class="IntPluginParameter" id="{3a3d0df4-0880-4b25-b874-3fa077415eac}">
		<property name="name">
			<value>Atten. Mode</value>
		</property>
		<property name="value">
			<value>4</value>
		</property>
		<property name="minimumValue">
			<value>0</value>
		</property>
		<property name="maximumValue">
			<value>4</value>
		</property>
	</object>
	<object class="BoolPluginParameter" id="{1d2cbc9f-c150-42e1-8644-6fb6c1279653}">
		<property name="name">
			<value>Acoustics</value>
		</property>
		<property name="value">
			<value>true</value>
		</property>
	</object>
	<object class="FloatPluginParameter" id="{18f1c304-0eb4-40c7-a70e-3d2db72e5e5e}">
		<property name="name">
			<value>Reverb Send</value>
		</property>
		<property name="value">
			<value>0</value>
		</property>
		<property name="curve">
			<value>{(0.000000,-60.000000)(1.000000,-40.000000)(2.000000,-20.000000)(3.000000,-12.000000)(4.000000,-6.000000)(5.000000,-2.000000)(6.000000,0.000000)(7.000000,2.000000)(8.000000,6.000000)(9.000000,12.000000)(10.000000,20.000000)}</value>
		</property>
	</object>
	<object class="FloatPluginParameter" id="{61f2b8e3-afc7-479c-ad80-fb56f7fd58d3}">
		<property name="name">
			<value>Refl. Send</value>
		</property>
		<property name="value">
			<value>0</value>
		</property>
		<property name="curve">
			<value>{(0.000000,-60.000000)(1.000000,-40.000000)(2.000000,-20.000000)(3.000000,-12.000000)(4.000000,-6.000000)(5.000000,-2.000000)(6.000000,0.000000)(7.000000,2.000000)(8.000000,6.000000)(9.000000,12.000000)(10.000000,20.000000)}</value>
		</property>
	</object>
	<object class="FloatPluginParameter" id="{cc12f816-8945-452b-9790-bee7b034260b}">
		<property name="name">
			<value>V. Radius</value>
		</property>
		<property name="value">
			<value>0</value>
		</property>
		<property name="curve">
			<value>{(0.000000,0.000000)(1.000000,1.000000)(2.000000,4.000000)(3.000000,11.000000)(4.000000,25.000000)(5.000000,100.000000)(6.000000,1000.000000)}</value>
		</property>
	</object>
	<object class="FloatPluginParameter" id="{da910c9b-a118-4a73-a0ce-93ba54c624ba}">
		<property name="name">
			<value>HRTF Intensity</value>
		</property>
		<property name="value">
			<value>1</value>
		</property>
		<property name="curve">
			<value>{(0.000000,0.000000)(1.000000,1.000000)}</value>
		</property>
	</object>
	<object class="IntPluginParameter" id="{0a7fed14-85c3-403d-90a8-d0dde2ea2118}">
		<property name="name">
			<value>Directivity</value>
		</property>
		<property name="value">
			<value>0</value>
		</property>
		<property name="minimumValue">
			<value>0</value>
		</property>
		<property name="maximumValue">
			<value>5</value>
		</property>
	</object>
	<object class="FloatPluginParameter" id="{8f7ed3af-d3bb-4da8-9676-dfb1389adf88}">
		<property name="name">
			<value>Dtv. Intensity</value>
		</property>
		<property name="value">
			<value>1</value>
		</property>
		<property name="curve">
			<value>{(0.000000,0.000000)(1.000000,1.000000)}</value>
		</property>
	</object>
	<object class="BoolPluginParameter" id="{b9a995c6-7bbb-4d26-9172-d73461d9528f}">
		<property name="name">
			<value>Direct Enabled</value>
		</property>
		<property name="value">
			<value>true</value>
		</property>
	</object>
	<object class="FloatPluginParameter" id="{00503636-411f-4fc2-9f0d-eb3763dd381d}">
		<property name="name">
			<value>Reverb Reach</value>
		</property>
		<property name="value">
			<value>0.5</value>
		</property>
		<property name="curve">
			<value>{(0.000000,0.000000)(1.000000,1.000000)}</value>
		</property>
	</object>
	<object class="FloatPluginParameter" id="{b7219a27-a51c-4ffc-8bba-5d5f051aee5e}">
		<property name="name">
			<value>Occl. Intensity</value>
		</property>
		<property name="value">
			<value>1</value>
		</property>
		<property name="curve">
			<value>{(0.000000,0.000000)(1.000000,1.000000)}</value>
		</property>
	</object>
	<object class="BoolPluginParameter" id="{0005a27f-c039-49ae-a596-9a71661c2070}">
		<property name="name">
			<value>Medium Absrp.</value>
		</property>
		<property name="value">
			<value>true</value>
		</property>
	</object>
	<object class="FloatPluginParameter" id="{1d6eba39-6dbd-43db-a986-2c5fec1b5a53}">
		<property name="name">
			<value>Bypass</value>
		</property>
		<property name="value">
			<value>0</value>
		</property>
		<property name="curve">
			<value>{(0.000000,0.000000)(1.000000,1.000000)}</value>
		</property>
	</object>
	<object class="BoolPluginParameter" id="{ac9717c3-eaaa-466f-9050-4a3bab345e2e}">
		<property name="name">
			<value>Dst. Override</value>
		</property>
		<property name="value">
			<value>false</value>
		</property>
	</object>
</objects>
