<?xml version="1.0" encoding="UTF-8"?>
<objects serializationModel="Studio.02.03.00">
	<object class="AudioFile" id="{380bd12d-84ef-478a-a92c-6d423846e8be}">
		<property name="assetPath">
			<value>noise_burst_processed.wav</value>
		</property>
		<property name="frequencyInKHz">
			<value>96</value>
		</property>
		<property name="channelCount">
			<value>1</value>
		</property>
		<property name="length">
			<value>0.5</value>
		</property>
		<relationship name="masterAssetFolder">
			<destination>{05d3cd87-b53c-49ca-9447-ee61e3beb71f}</destination>
		</relationship>
	</object>
</objects>
