<?xml version="1.0" encoding="UTF-8"?>
<objects serializationModel="Studio.02.03.00">
	<object class="AudioFile" id="{93576212-6632-4f69-ac0f-8d341eebefae}">
		<property name="assetPath">
			<value>tic.wav</value>
		</property>
		<property name="frequencyInKHz">
			<value>44.0999985</value>
		</property>
		<property name="channelCount">
			<value>2</value>
		</property>
		<property name="length">
			<value>0.25816326530612244</value>
		</property>
		<relationship name="masterAssetFolder">
			<destination>{05d3cd87-b53c-49ca-9447-ee61e3beb71f}</destination>
		</relationship>
	</object>
</objects>
