<?xml version="1.0" encoding="UTF-8"?>
<objects serializationModel="Studio.02.03.00">
	<object class="AudioFile" id="{a9bbf754-4667-48d0-b6a4-987ae8bdf2ef}">
		<property name="assetPath">
			<value>click_2s_loop.wav</value>
		</property>
		<property name="frequencyInKHz">
			<value>44.0999985</value>
		</property>
		<property name="channelCount">
			<value>2</value>
		</property>
		<property name="length">
			<value>2</value>
		</property>
		<relationship name="masterAssetFolder">
			<destination>{05d3cd87-b53c-49ca-9447-ee61e3beb71f}</destination>
		</relationship>
	</object>
</objects>
