<?xml version="1.0" encoding="UTF-8"?>
<objects serializationModel="Studio.02.03.00">
	<object class="AudioFile" id="{f4926047-b6f4-43ef-92e1-635afcf4c187}">
		<property name="assetPath">
			<value>select.wav</value>
		</property>
		<property name="frequencyInKHz">
			<value>44.0999985</value>
		</property>
		<property name="channelCount">
			<value>2</value>
		</property>
		<property name="length">
			<value>0.41664399092970522</value>
		</property>
		<relationship name="masterAssetFolder">
			<destination>{05d3cd87-b53c-49ca-9447-ee61e3beb71f}</destination>
		</relationship>
	</object>
</objects>
