<?xml version="1.0" encoding="UTF-8"?>
<objects serializationModel="Studio.02.03.00">
	<object class="EncodingSetting" id="{509ac658-5348-4c3e-830c-e4c68604c969}">
		<property name="encodingFormat">
			<value>3</value>
		</property>
		<property name="quality">
			<value>37</value>
		</property>
		<relationship name="platform">
			<destination>{b9040613-04e8-491d-9512-c2f360345d54}</destination>
		</relationship>
		<relationship name="encodable">
			<destination>{b9040613-04e8-491d-9512-c2f360345d54}</destination>
		</relationship>
	</object>
</objects>
